scraped_at_utc,source_section,team_1,team_2,score_1,score_2,event_name,event_stage,match_datetime_text,match_status,relative_url,absolute_url
2026-03-31T02:59:25.494732+00:00,live,Akave Esports GC,FUSION X,1.0,0.0,Game Changers 2026: LATAM North Stage 1,Playoffs: Upper Semifinals,6:30 PM PDT,live,620384/akave-esports-gc-vs-fusion-x-game-changers-2026-latam-north-stage-1-ubsf,https://www.vlr.gg/620384/akave-esports-gc-vs-fusion-x-game-changers-2026-latam-north-stage-1-ubsf
2026-03-31T02:59:25.494732+00:00,upcoming,Titan Esports Club,All Gamers,,,VCT 2026: China Stage 1,Group Stage: Week 1,2:00 AM PDT,upcoming,642914/titan-esports-club-vs-all-gamers-vct-2026-china-stage-1-w1,https://www.vlr.gg/642914/titan-esports-club-vs-all-gamers-vct-2026-china-stage-1-w1
2026-03-31T02:59:25.494732+00:00,upcoming,xCrew,DOT EXE,,,Challengers 2026: South Asia Split 1,Group Stage: Week 2,2:30 AM PDT,upcoming,642901/xcrew-vs-dot-exe-challengers-2026-south-asia-split-1-w2,https://www.vlr.gg/642901/xcrew-vs-dot-exe-challengers-2026-south-asia-split-1-w2
2026-03-31T02:59:25.494732+00:00,upcoming,Nova Esports,EDward Gaming,,,VCT 2026: China Stage 1,Group Stage: Week 1,4:00 AM PDT,upcoming,642915/nova-esports-vs-edward-gaming-vct-2026-china-stage-1-w1,https://www.vlr.gg/642915/nova-esports-vs-edward-gaming-vct-2026-china-stage-1-w1
2026-03-31T02:59:25.494732+00:00,upcoming,The Rad Syndicate,Revenant XSpark,,,Challengers 2026: South Asia Split 1,Group Stage: Week 2,5:30 AM PDT,upcoming,642902/the-rad-syndicate-vs-revenant-xspark-challengers-2026-south-asia-split-1-w2,https://www.vlr.gg/642902/the-rad-syndicate-vs-revenant-xspark-challengers-2026-south-asia-split-1-w2
2026-03-31T02:59:25.494732+00:00,upcoming,Evil Geniuses Academy,M80,,,Challengers 2026: North America ACE Stage 2,Swiss Stage: Round 3 (1-1),1:00 PM PDT,upcoming,647259/evil-geniuses-academy-vs-m80-challengers-2026-north-america-ace-stage-2-r3-1-1,https://www.vlr.gg/647259/evil-geniuses-academy-vs-m80-challengers-2026-north-america-ace-stage-2-r3-1-1
2026-03-31T02:59:25.494732+00:00,upcoming,Azure Dragon Gaming,Shopify Rebellion Black,,,Challengers 2026: North America ACE Stage 2,Swiss Stage: Round 3 (2-0),1:00 PM PDT,upcoming,647260/azure-dragon-gaming-vs-shopify-rebellion-black-challengers-2026-north-america-ace-stage-2-r3-2,https://www.vlr.gg/647260/azure-dragon-gaming-vs-shopify-rebellion-black-challengers-2026-north-america-ace-stage-2-r3-2
2026-03-31T02:59:25.494732+00:00,upcoming,Polar Squad Esports GC,Olimpo Gold,,,Game Changers 2026: LATAM South Stage 1,Playoffs: Upper Semifinals,3:00 PM PDT,upcoming,620361/polar-squad-esports-gc-vs-olimpo-gold-game-changers-2026-latam-south-stage-1-ubsf,https://www.vlr.gg/620361/polar-squad-esports-gc-vs-olimpo-gold-game-changers-2026-latam-south-stage-1-ubsf
2026-03-31T02:59:25.494732+00:00,upcoming,YFP,NRG Academy,,,Challengers 2026: North America ACE Stage 2,Swiss Stage: Round 3 (2-0),4:00 PM PDT,upcoming,647261/yfp-vs-nrg-academy-challengers-2026-north-america-ace-stage-2-r3-2-0,https://www.vlr.gg/647261/yfp-vs-nrg-academy-challengers-2026-north-america-ace-stage-2-r3-2-0
2026-03-31T02:59:25.494732+00:00,upcoming,Nightblood Gaming,Alliance Guardians,,,Challengers 2026: North America ACE Stage 2,Swiss Stage: Round 3 (1-1),4:00 PM PDT,upcoming,647262/nightblood-gaming-vs-alliance-guardians-challengers-2026-north-america-ace-stage-2-r3-1-1,https://www.vlr.gg/647262/nightblood-gaming-vs-alliance-guardians-challengers-2026-north-america-ace-stage-2-r3-1-1
2026-03-31T02:59:25.494732+00:00,upcoming,MYVRA GC,No Sweat Blossom,,,Game Changers 2026: LATAM North Stage 1,Playoffs: Upper Semifinals,6:00 PM PDT,upcoming,620385/myvra-gc-vs-no-sweat-blossom-game-changers-2026-latam-north-stage-1-ubsf,https://www.vlr.gg/620385/myvra-gc-vs-no-sweat-blossom-game-changers-2026-latam-north-stage-1-ubsf
2026-03-31T02:59:25.494732+00:00,upcoming,REIGNITE FOXX,AGELITE,,,Challengers 2026: Japan Split 1,Phase 2: Upper Quarterfinals,12:00 AM PDT,upcoming,648098/reignite-foxx-vs-agelite-challengers-2026-japan-split-1-ubqf,https://www.vlr.gg/648098/reignite-foxx-vs-agelite-challengers-2026-japan-split-1-ubqf
2026-03-31T02:59:25.494732+00:00,upcoming,ONSIDE GAMING,DRX Academy,,,Challengers 2026: Korea WDG Split 1,Playoffs: Upper Round 1,1:00 AM PDT,upcoming,647396/onside-gaming-vs-drx-academy-challengers-2026-korea-wdg-split-1-ur1,https://www.vlr.gg/647396/onside-gaming-vs-drx-academy-challengers-2026-korea-wdg-split-1-ur1
2026-03-31T02:59:25.494732+00:00,upcoming,JDG Esports,FunPlus Phoenix,,,VCT 2026: China Stage 1,Group Stage: Week 1,2:00 AM PDT,upcoming,642916/jdg-esports-vs-funplus-phoenix-vct-2026-china-stage-1-w1,https://www.vlr.gg/642916/jdg-esports-vs-funplus-phoenix-vct-2026-china-stage-1-w1
2026-03-31T02:59:25.494732+00:00,upcoming,S8UL Esports,Asterisk,,,Challengers 2026: South Asia Split 1,Group Stage: Week 2,2:30 AM PDT,upcoming,642903/s8ul-esports-vs-asterisk-challengers-2026-south-asia-split-1-w2,https://www.vlr.gg/642903/s8ul-esports-vs-asterisk-challengers-2026-south-asia-split-1-w2
2026-03-31T02:59:25.494732+00:00,upcoming,Gen.G Global Academy,ARETE,,,Challengers 2026: Korea WDG Split 1,Playoffs: Upper Round 1,3:00 AM PDT,upcoming,647397/gen-g-global-academy-vs-arete-challengers-2026-korea-wdg-split-1-ur1,https://www.vlr.gg/647397/gen-g-global-academy-vs-arete-challengers-2026-korea-wdg-split-1-ur1
2026-03-31T02:59:25.494732+00:00,upcoming,Insomnia,REJECT,,,Challengers 2026: Japan Split 1,Phase 2: Upper Quarterfinals,3:00 AM PDT,upcoming,648099/insomnia-vs-reject-challengers-2026-japan-split-1-ubqf,https://www.vlr.gg/648099/insomnia-vs-reject-challengers-2026-japan-split-1-ubqf
2026-03-31T02:59:25.494732+00:00,upcoming,Dragon Ranger Gaming,Xi Lai Gaming,,,VCT 2026: China Stage 1,Group Stage: Week 1,4:00 AM PDT,upcoming,642917/dragon-ranger-gaming-vs-xi-lai-gaming-vct-2026-china-stage-1-w1,https://www.vlr.gg/642917/dragon-ranger-gaming-vs-xi-lai-gaming-vct-2026-china-stage-1-w1
2026-03-31T02:59:25.494732+00:00,upcoming,FNATIC,Eternal Fire,,,VCT 2026: EMEA Stage 1,Group Stage: Week 1,8:00 AM PDT,upcoming,644709/fnatic-vs-eternal-fire-vct-2026-emea-stage-1-w1,https://www.vlr.gg/644709/fnatic-vs-eternal-fire-vct-2026-emea-stage-1-w1
2026-03-31T02:59:25.494732+00:00,upcoming,Team Liquid,Karmine Corp,,,VCT 2026: EMEA Stage 1,Group Stage: Week 1,11:00 AM PDT,upcoming,644710/team-liquid-vs-karmine-corp-vct-2026-emea-stage-1-w1,https://www.vlr.gg/644710/team-liquid-vs-karmine-corp-vct-2026-emea-stage-1-w1
2026-03-31T02:59:25.494732+00:00,upcoming,Wolves Esports,Trace Esports,,,VCT 2026: China Stage 1,Group Stage: Week 1,2:00 AM PDT,upcoming,642918/wolves-esports-vs-trace-esports-vct-2026-china-stage-1-w1,https://www.vlr.gg/642918/wolves-esports-vs-trace-esports-vct-2026-china-stage-1-w1
2026-03-31T02:59:25.494732+00:00,upcoming,Bilibili Gaming,TYLOO,,,VCT 2026: China Stage 1,Group Stage: Week 1,4:00 AM PDT,upcoming,642919/bilibili-gaming-vs-tyloo-vct-2026-china-stage-1-w1,https://www.vlr.gg/642919/bilibili-gaming-vs-tyloo-vct-2026-china-stage-1-w1
2026-03-31T02:59:25.494732+00:00,upcoming,Team Vitality,GIANTX,,,VCT 2026: EMEA Stage 1,Group Stage: Week 1,8:00 AM PDT,upcoming,644711/team-vitality-vs-giantx-vct-2026-emea-stage-1-w1,https://www.vlr.gg/644711/team-vitality-vs-giantx-vct-2026-emea-stage-1-w1
2026-03-31T02:59:25.494732+00:00,upcoming,Gentle Mates,FUT Esports,,,VCT 2026: EMEA Stage 1,Group Stage: Week 1,11:00 AM PDT,upcoming,644712/gentle-mates-vs-fut-esports-vct-2026-emea-stage-1-w1,https://www.vlr.gg/644712/gentle-mates-vs-fut-esports-vct-2026-emea-stage-1-w1
2026-03-31T02:59:25.494732+00:00,upcoming,Dragon Ranger Gaming,Nova Esports,,,VCT 2026: China Stage 1,Group Stage: Week 1,2:00 AM PDT,upcoming,642920/dragon-ranger-gaming-vs-nova-esports-vct-2026-china-stage-1-w1,https://www.vlr.gg/642920/dragon-ranger-gaming-vs-nova-esports-vct-2026-china-stage-1-w1
2026-03-31T02:59:25.494732+00:00,upcoming,Gen.G,Global Esports,,,VCT 2026: Pacific Stage 1,Group Stage: Week 1,2:00 AM PDT,upcoming,644652/gen-g-vs-global-esports-vct-2026-pacific-stage-1-w1,https://www.vlr.gg/644652/gen-g-vs-global-esports-vct-2026-pacific-stage-1-w1
2026-03-31T02:59:25.494732+00:00,upcoming,FunPlus Phoenix,All Gamers,,,VCT 2026: China Stage 1,Group Stage: Week 1,4:00 AM PDT,upcoming,642921/funplus-phoenix-vs-all-gamers-vct-2026-china-stage-1-w1,https://www.vlr.gg/642921/funplus-phoenix-vs-all-gamers-vct-2026-china-stage-1-w1
2026-03-31T02:59:25.494732+00:00,upcoming,T1,VARREL,,,VCT 2026: Pacific Stage 1,Group Stage: Week 1,4:00 AM PDT,upcoming,644653/t1-vs-varrel-vct-2026-pacific-stage-1-w1,https://www.vlr.gg/644653/t1-vs-varrel-vct-2026-pacific-stage-1-w1
2026-03-31T02:59:25.494732+00:00,upcoming,Team Heretics,Natus Vincere,,,VCT 2026: EMEA Stage 1,Group Stage: Week 1,8:00 AM PDT,upcoming,644713/team-heretics-vs-natus-vincere-vct-2026-emea-stage-1-w1,https://www.vlr.gg/644713/team-heretics-vs-natus-vincere-vct-2026-emea-stage-1-w1
2026-03-31T02:59:25.494732+00:00,upcoming,BBL Esports,PCIFIC Esports,,,VCT 2026: EMEA Stage 1,Group Stage: Week 1,11:00 AM PDT,upcoming,644714/bbl-esports-vs-pcific-esports-vct-2026-emea-stage-1-w1,https://www.vlr.gg/644714/bbl-esports-vs-pcific-esports-vct-2026-emea-stage-1-w1
2026-03-31T02:59:25.494732+00:00,upcoming,TYLOO,Titan Esports Club,,,VCT 2026: China Stage 1,Group Stage: Week 1,2:00 AM PDT,upcoming,642922/tyloo-vs-titan-esports-club-vct-2026-china-stage-1-w1,https://www.vlr.gg/642922/tyloo-vs-titan-esports-club-vct-2026-china-stage-1-w1
2026-03-31T02:59:25.494732+00:00,upcoming,Nongshim RedForce,Paper Rex,,,VCT 2026: Pacific Stage 1,Group Stage: Week 1,2:00 AM PDT,upcoming,644654/nongshim-redforce-vs-paper-rex-vct-2026-pacific-stage-1-w1,https://www.vlr.gg/644654/nongshim-redforce-vs-paper-rex-vct-2026-pacific-stage-1-w1
2026-03-31T02:59:25.494732+00:00,completed,MIBR GC,PÃO COM RATO,2.0,0.0,Game Changers 2026: Brazil Stage 1,Swiss Phase: Round 3 (1-1),4:00 PM PDT,completed,628332/mibr-gc-vs-p-o-com-rato-game-changers-2026-brazil-stage-1-r3-1-1,https://www.vlr.gg/628332/mibr-gc-vs-p-o-com-rato-game-changers-2026-brazil-stage-1-r3-1-1
2026-03-31T02:59:25.494732+00:00,completed,KRÜ BLAZE,Looking For Laburo,2.0,1.0,Game Changers 2026: LATAM South Stage 1,Playoffs: Upper Semifinals,3:00 PM PDT,completed,620360/kr-blaze-vs-looking-for-laburo-game-changers-2026-latam-south-stage-1-ubsf,https://www.vlr.gg/620360/kr-blaze-vs-looking-for-laburo-game-changers-2026-latam-south-stage-1-ubsf
2026-03-31T02:59:25.494732+00:00,completed,QoR,Pigeons,2.0,1.0,Challengers 2026: North America ACE Stage 2,Swiss Stage: Round 3 (1-1),3:35 PM PDT,completed,647257/qor-vs-pigeons-challengers-2026-north-america-ace-stage-2-r3-1-1,https://www.vlr.gg/647257/qor-vs-pigeons-challengers-2026-north-america-ace-stage-2-r3-1-1
2026-03-31T02:59:25.494732+00:00,completed,oi posso fala,Forged to Shine GC,2.0,0.0,Game Changers 2026: Brazil Stage 1,Swiss Phase: Round 3 (1-1),4:00 PM PDT,completed,628331/oi-posso-fala-vs-forged-to-shine-gc-game-changers-2026-brazil-stage-1-r3-1-1,https://www.vlr.gg/628331/oi-posso-fala-vs-forged-to-shine-gc-game-changers-2026-brazil-stage-1-r3-1-1
2026-03-31T02:59:25.494732+00:00,completed,FlyQuest,Division One,2.0,0.0,Challengers 2026: North America ACE Stage 2,Swiss Stage: Round 3 (1-1),3:05 PM PDT,completed,647258/flyquest-vs-division-one-challengers-2026-north-america-ace-stage-2-r3-1-1,https://www.vlr.gg/647258/flyquest-vs-division-one-challengers-2026-north-america-ace-stage-2-r3-1-1
2026-03-31T02:59:25.494732+00:00,completed,Team Liquid Brazil,Gênias do Bem,2.0,1.0,Game Changers 2026: Brazil Stage 1,Swiss Phase: Round 3 (2-0),1:00 PM PDT,completed,628329/team-liquid-brazil-vs-g-nias-do-bem-game-changers-2026-brazil-stage-1-r3-2-0,https://www.vlr.gg/628329/team-liquid-brazil-vs-g-nias-do-bem-game-changers-2026-brazil-stage-1-r3-2-0
2026-03-31T02:59:25.494732+00:00,completed,Shopify Rebellion Gold,SaD Esports,0.0,2.0,Challengers 2026: North America ACE Stage 2,Swiss Stage: Round 3 (0-2),1:00 PM PDT,completed,647255/shopify-rebellion-gold-vs-sad-esports-challengers-2026-north-america-ace-stage-2-r3-0-2,https://www.vlr.gg/647255/shopify-rebellion-gold-vs-sad-esports-challengers-2026-north-america-ace-stage-2-r3-0-2
2026-03-31T02:59:25.494732+00:00,completed,ROSE,Evictix,0.0,2.0,Challengers 2026: North America ACE Stage 2,Swiss Stage: Round 3 (0-2),1:00 PM PDT,completed,647256/rose-vs-evictix-challengers-2026-north-america-ace-stage-2-r3-0-2,https://www.vlr.gg/647256/rose-vs-evictix-challengers-2026-north-america-ace-stage-2-r3-0-2
2026-03-31T02:59:25.494732+00:00,completed,Beta Division GC,malvadinhas 3.0,0.0,2.0,Game Changers 2026: Brazil Stage 1,Swiss Phase: Round 3 (0-2),1:00 PM PDT,completed,628330/beta-division-gc-vs-malvadinhas-3-0-game-changers-2026-brazil-stage-1-r3-0-2,https://www.vlr.gg/628330/beta-division-gc-vs-malvadinhas-3-0-game-changers-2026-brazil-stage-1-r3-0-2
2026-03-31T02:59:25.494732+00:00,completed,The Rad Syndicate,S8UL Esports,1.0,2.0,Challengers 2026: South Asia Split 1,Group Stage: Week 2,4:30 AM PDT,completed,642900/the-rad-syndicate-vs-s8ul-esports-challengers-2026-south-asia-split-1-w2,https://www.vlr.gg/642900/the-rad-syndicate-vs-s8ul-esports-challengers-2026-south-asia-split-1-w2
2026-03-31T02:59:25.494732+00:00,completed,Revenant XSpark,xCrew,2.0,0.0,Challengers 2026: South Asia Split 1,Group Stage: Week 2,2:30 AM PDT,completed,642899/revenant-xspark-vs-xcrew-challengers-2026-south-asia-split-1-w2,https://www.vlr.gg/642899/revenant-xspark-vs-xcrew-challengers-2026-south-asia-split-1-w2
2026-03-31T02:59:25.494732+00:00,completed,Team Solid,2Game Esports,3.0,1.0,Challengers 2026: Brazil Gamers Club Stage 1,Playoffs: Grand Final,1:00 PM PDT,completed,639840/team-solid-vs-2game-esports-challengers-2026-brazil-gamers-club-stage-1-gf,https://www.vlr.gg/639840/team-solid-vs-2game-esports-challengers-2026-brazil-gamers-club-stage-1-gf
2026-03-31T02:59:25.494732+00:00,completed,ShindeN,Melser Kindergarten,1.0,3.0,Challengers 2026: LATAM South ACE Stage 1,Playoffs: Grand Final,12:00 PM PDT,completed,644279/shinden-vs-melser-kindergarten-challengers-2026-latam-south-ace-stage-1-gf,https://www.vlr.gg/644279/shinden-vs-melser-kindergarten-challengers-2026-latam-south-ace-stage-1-gf
2026-03-31T02:59:25.494732+00:00,completed,Enterprise Esports,Mandatory,3.0,0.0,Challengers 2026: EMEA Stage 1,Playoffs: Grand Final,8:00 AM PDT,completed,642150/enterprise-esports-vs-mandatory-challengers-2026-emea-stage-1-gf,https://www.vlr.gg/642150/enterprise-esports-vs-mandatory-challengers-2026-emea-stage-1-gf
2026-03-31T02:59:25.494732+00:00,completed,Sharper Esports,Motiv Esports,1.0,3.0,Challengers 2026: Southeast Asia Split 1,Playoffs: Grand Final,4:00 AM PDT,completed,644823/sharper-esports-vs-motiv-esports-challengers-2026-southeast-asia-split-1-gf,https://www.vlr.gg/644823/sharper-esports-vs-motiv-esports-challengers-2026-southeast-asia-split-1-gf
2026-03-31T02:59:25.494732+00:00,completed,DOT EXE,Leosun Esports,0.0,2.0,Challengers 2026: South Asia Split 1,Group Stage: Week 2,5:30 AM PDT,completed,642898/dot-exe-vs-leosun-esports-challengers-2026-south-asia-split-1-w2,https://www.vlr.gg/642898/dot-exe-vs-leosun-esports-challengers-2026-south-asia-split-1-w2
2026-03-31T02:59:25.494732+00:00,completed,QT DIG∞,REIGNITE FOXX,2.0,1.0,Challengers 2026: Japan Split 1,Phase 1: Lower Final,2:30 AM PDT,completed,628561/qt-dig-vs-reignite-foxx-challengers-2026-japan-split-1-lbf,https://www.vlr.gg/628561/qt-dig-vs-reignite-foxx-challengers-2026-japan-split-1-lbf
2026-03-31T02:59:25.494732+00:00,completed,Gods Reign,Asterisk,1.0,2.0,Challengers 2026: South Asia Split 1,Group Stage: Week 2,2:30 AM PDT,completed,642897/gods-reign-vs-asterisk-challengers-2026-south-asia-split-1-w2,https://www.vlr.gg/642897/gods-reign-vs-asterisk-challengers-2026-south-asia-split-1-w2
2026-03-31T02:59:25.494732+00:00,completed,TYLOO,Bilibili Gaming,1.0,3.0,China Evolution Series 2026: Act 1,Main Event: Grand Final,2:00 AM PDT,completed,640026/tyloo-vs-bilibili-gaming-china-evolution-series-2026-act-1-gf,https://www.vlr.gg/640026/tyloo-vs-bilibili-gaming-china-evolution-series-2026-act-1-gf
2026-03-31T02:59:25.494732+00:00,completed,Any Questions Gaming,JDG Esports,0.0,3.0,China Evolution Series 2026: Act 1,Main Event: Consolation Final,2:00 AM PDT,completed,640027/any-questions-gaming-vs-jdg-esports-china-evolution-series-2026-act-1-cf,https://www.vlr.gg/640027/any-questions-gaming-vs-jdg-esports-china-evolution-series-2026-act-1-cf
2026-03-31T02:59:25.494732+00:00,completed,JDG Esports,Bilibili Gaming,0.0,2.0,China Evolution Series 2026: Act 1,Main Event: Semifinals,3:50 AM PDT,completed,640025/jdg-esports-vs-bilibili-gaming-china-evolution-series-2026-act-1-sf,https://www.vlr.gg/640025/jdg-esports-vs-bilibili-gaming-china-evolution-series-2026-act-1-sf
2026-03-31T02:59:25.494732+00:00,completed,Any Questions Gaming,TYLOO,0.0,2.0,China Evolution Series 2026: Act 1,Main Event: Semifinals,2:00 AM PDT,completed,640024/any-questions-gaming-vs-tyloo-china-evolution-series-2026-act-1-sf,https://www.vlr.gg/640024/any-questions-gaming-vs-tyloo-china-evolution-series-2026-act-1-sf
2026-03-31T02:59:25.494732+00:00,completed,Bilibili Gaming,FunPlus Phoenix,2.0,0.0,China Evolution Series 2026: Act 1,Main Event: Quarterfinals,3:45 AM PDT,completed,640023/bilibili-gaming-vs-funplus-phoenix-china-evolution-series-2026-act-1-qf,https://www.vlr.gg/640023/bilibili-gaming-vs-funplus-phoenix-china-evolution-series-2026-act-1-qf
2026-03-31T02:59:25.494732+00:00,completed,Trace Esports,JDG Esports,0.0,2.0,China Evolution Series 2026: Act 1,Main Event: Quarterfinals,2:00 AM PDT,completed,640022/trace-esports-vs-jdg-esports-china-evolution-series-2026-act-1-qf,https://www.vlr.gg/640022/trace-esports-vs-jdg-esports-china-evolution-series-2026-act-1-qf
2026-03-31T02:59:25.494732+00:00,completed,TYLOO,Titan Esports Club,2.0,1.0,China Evolution Series 2026: Act 1,Main Event: Quarterfinals,5:10 AM PDT,completed,640021/tyloo-vs-titan-esports-club-china-evolution-series-2026-act-1-qf,https://www.vlr.gg/640021/tyloo-vs-titan-esports-club-china-evolution-series-2026-act-1-qf
2026-03-31T02:59:25.494732+00:00,completed,Dragon Ranger Gaming,Any Questions Gaming,1.0,2.0,China Evolution Series 2026: Act 1,Main Event: Quarterfinals,2:00 AM PDT,completed,640020/dragon-ranger-gaming-vs-any-questions-gaming-china-evolution-series-2026-act-1-qf,https://www.vlr.gg/640020/dragon-ranger-gaming-vs-any-questions-gaming-china-evolution-series-2026-act-1-qf
2026-03-31T02:59:25.494732+00:00,completed,FunPlus Phoenix,Nova Esports,2.0,0.0,China Evolution Series 2026: Act 1,Main Event: Round of 12,4:00 AM PDT,completed,640019/funplus-phoenix-vs-nova-esports-china-evolution-series-2026-act-1-ro12,https://www.vlr.gg/640019/funplus-phoenix-vs-nova-esports-china-evolution-series-2026-act-1-ro12
2026-03-31T02:59:25.494732+00:00,completed,JDG Esports,Rare Atom,2.0,0.0,China Evolution Series 2026: Act 1,Main Event: Round of 12,2:00 AM PDT,completed,640017/jdg-esports-vs-rare-atom-china-evolution-series-2026-act-1-ro12,https://www.vlr.gg/640017/jdg-esports-vs-rare-atom-china-evolution-series-2026-act-1-ro12
2026-03-31T02:59:25.494732+00:00,completed,Titan Esports Club,World Sports Invictus Gaming,2.0,0.0,China Evolution Series 2026: Act 1,Main Event: Round of 12,5:25 AM PDT,completed,640015/titan-esports-club-vs-world-sports-invictus-gaming-china-evolution-series-2026-act-1-ro12,https://www.vlr.gg/640015/titan-esports-club-vs-world-sports-invictus-gaming-china-evolution-series-2026-act-1-ro12
2026-03-31T02:59:25.494732+00:00,completed,Wolves Esports,Any Questions Gaming,1.0,2.0,China Evolution Series 2026: Act 1,Main Event: Round of 12,2:00 AM PDT,completed,640013/wolves-esports-vs-any-questions-gaming-china-evolution-series-2026-act-1-ro12,https://www.vlr.gg/640013/wolves-esports-vs-any-questions-gaming-china-evolution-series-2026-act-1-ro12
2026-03-31T02:59:25.494732+00:00,completed,Nongshim RedForce,Paper Rex,3.0,0.0,Valorant Masters Santiago 2026,Playoffs: Grand Final,11:00 AM PDT,completed,626544/nongshim-redforce-vs-paper-rex-valorant-masters-santiago-2026-gf,https://www.vlr.gg/626544/nongshim-redforce-vs-paper-rex-valorant-masters-santiago-2026-gf
2026-03-31T02:59:25.494732+00:00,completed,NRG,Paper Rex,1.0,3.0,Valorant Masters Santiago 2026,Playoffs: Lower Final,10:00 AM PDT,completed,626550/nrg-vs-paper-rex-valorant-masters-santiago-2026-lbf,https://www.vlr.gg/626550/nrg-vs-paper-rex-valorant-masters-santiago-2026-lbf
2026-03-31T02:59:25.494732+00:00,completed,Paper Rex,G2 Esports,2.0,1.0,Valorant Masters Santiago 2026,Playoffs: Lower Round 3,12:25 PM PDT,completed,626549/paper-rex-vs-g2-esports-valorant-masters-santiago-2026-lr3,https://www.vlr.gg/626549/paper-rex-vs-g2-esports-valorant-masters-santiago-2026-lr3
2026-03-31T02:59:25.494732+00:00,completed,Nongshim RedForce,NRG,2.0,0.0,Valorant Masters Santiago 2026,Playoffs: Upper Final,10:00 AM PDT,completed,626543/nongshim-redforce-vs-nrg-valorant-masters-santiago-2026-ubf,https://www.vlr.gg/626543/nongshim-redforce-vs-nrg-valorant-masters-santiago-2026-ubf
2026-03-31T02:59:25.494732+00:00,completed,Paper Rex,All Gamers,2.0,1.0,Valorant Masters Santiago 2026,Playoffs: Lower Round 2,1:10 PM PDT,completed,626547/paper-rex-vs-all-gamers-valorant-masters-santiago-2026-lr2,https://www.vlr.gg/626547/paper-rex-vs-all-gamers-valorant-masters-santiago-2026-lr2
2026-03-31T02:59:25.494732+00:00,completed,G2 Esports,BBL Esports,2.0,0.0,Valorant Masters Santiago 2026,Playoffs: Lower Round 2,11:00 AM PDT,completed,626548/g2-esports-vs-bbl-esports-valorant-masters-santiago-2026-lr2,https://www.vlr.gg/626548/g2-esports-vs-bbl-esports-valorant-masters-santiago-2026-lr2
